<?xml version="1.0" encoding="UTF-8"?>
<GenRun Id="clk_gen_synth_1" LaunchPart="xc7a35tcpg236-1" LaunchTime="1565642590">
  <File Type="PA-TCL" Name="clk_gen.tcl"/>
  <File Type="REPORTS-TCL" Name="clk_gen_reports.tcl"/>
  <File Type="RDS-RDS" Name="clk_gen.vds"/>
  <File Type="RDS-UTIL" Name="clk_gen_utilization_synth.rpt"/>
  <File Type="RDS-UTIL-PB" Name="clk_gen_utilization_synth.pb"/>
  <File Type="RDS-DCP" Name="clk_gen.dcp"/>
  <FileSet Name="sources" Type="BlockSrcs" RelSrcDir="$PSRCDIR/clk_gen">
    <File Path="$PSRCDIR/sources_1/ip/clk_gen/clk_gen.xci">
      <FileInfo>
        <Attr Name="ImportPath" Val="D:/Vivado_Projects/cpu/cpu.srcs/sources_1/ip/clk_gen/clk_gen.xci"/>
        <Attr Name="ImportTime" Val="1565642585"/>
        <Attr Name="UsedIn" Val="synthesis"/>
        <Attr Name="UsedIn" Val="implementation"/>
        <Attr Name="UsedIn" Val="simulation"/>
      </FileInfo>
    </File>
    <Config>
      <Option Name="TopModule" Val="clk_gen"/>
      <Option Name="UseBlackboxStub" Val="1"/>
    </Config>
  </FileSet>
  <FileSet Name="constrs_in" Type="BlockSrcs" RelSrcDir="$PSRCDIR/clk_gen">
    <File Path="$PSRCDIR/sources_1/ip/clk_gen/clk_gen.xci">
      <FileInfo>
        <Attr Name="ImportPath" Val="D:/Vivado_Projects/cpu/cpu.srcs/sources_1/ip/clk_gen/clk_gen.xci"/>
        <Attr Name="ImportTime" Val="1565642585"/>
        <Attr Name="UsedIn" Val="synthesis"/>
        <Attr Name="UsedIn" Val="implementation"/>
        <Attr Name="UsedIn" Val="simulation"/>
      </FileInfo>
    </File>
    <Config>
      <Option Name="TopModule" Val="clk_gen"/>
      <Option Name="UseBlackboxStub" Val="1"/>
    </Config>
  </FileSet>
  <FileSet Name="utils" Type="Utils" RelSrcDir="$PSRCDIR/utils_1">
    <Filter Type="Utils"/>
    <Config>
      <Option Name="TopAutoSet" Val="TRUE"/>
    </Config>
  </FileSet>
  <Strategy Version="1" Minor="2">
    <StratHandle Name="Vivado Synthesis Defaults" Flow="Vivado Synthesis 2019"/>
    <Step Id="synth_design"/>
  </Strategy>
</GenRun>
