<?xml version="1.0" encoding="UTF-8"?>
<GenRun Id="impl_1" LaunchPart="xc7a35tcpg236-1" LaunchTime="1565379743">
  <File Type="PA-TCL" Name="test_top.tcl"/>
  <File Type="BITSTR-BMM" Name="test_top_bd.bmm"/>
  <File Type="REPORTS-TCL" Name="test_top_reports.tcl"/>
  <File Type="OPT-DCP" Name="test_top_opt.dcp"/>
  <File Type="OPT-HWDEF" Name="test_top.hwdef"/>
  <File Type="BG-BGN" Name="test_top.bgn"/>
  <File Type="PWROPT-DCP" Name="test_top_pwropt.dcp"/>
  <File Type="PLACE-DCP" Name="test_top_placed.dcp"/>
  <File Type="PLACE-PRE-SIMILARITY" Name="test_top_incremental_reuse_pre_placed.rpt"/>
  <File Type="POSTPLACE-PWROPT-DCP" Name="test_top_postplace_pwropt.dcp"/>
  <File Type="BG-BIN" Name="test_top.bin"/>
  <File Type="PHYSOPT-DCP" Name="test_top_physopt.dcp"/>
  <File Type="BITSTR-MSK" Name="test_top.msk"/>
  <File Type="ROUTE-ERROR-DCP" Name="test_top_routed_error.dcp"/>
  <File Type="ROUTE-DCP" Name="test_top_routed.dcp"/>
  <File Type="ROUTE-BLACKBOX-DCP" Name="test_top_routed_bb.dcp"/>
  <File Type="BITSTR-LTX" Name="test_top.ltx"/>
  <File Type="BITSTR-MMI" Name="test_top.mmi"/>
  <File Type="BITSTR-SYSDEF" Name="test_top.sysdef"/>
  <File Type="ROUTE-TIMING-PB" Name="test_top_timing_summary_routed.pb"/>
  <File Type="RDI-RDI" Name="test_top.vdi"/>
  <File Type="POSTROUTE-PHYSOPT-DCP" Name="test_top_postroute_physopt.dcp"/>
  <File Type="POSTROUTE-PHYSOPT-BLACKBOX-DCP" Name="test_top_postroute_physopt_bb.dcp"/>
  <File Type="BG-BIT" Name="test_top.bit"/>
  <File Type="BITSTR-RBT" Name="test_top.rbt"/>
  <File Type="BITSTR-NKY" Name="test_top.nky"/>
  <File Type="BG-DRC" Name="test_top.drc"/>
  <File Type="WBT-USG" Name="usage_statistics_webtalk.html"/>
  <FileSet Name="sources" Type="DesignSrcs" RelSrcDir="$PSRCDIR/sources_1">
    <Filter Type="Srcs"/>
    <File Path="$PSRCDIR/sources_1/new/test_top.sv">
      <FileInfo>
        <Attr Name="ImportPath" Val="D:/Vivado_Projects/cpu/cpu.srcs/sources_1/new/test_top.sv"/>
        <Attr Name="ImportTime" Val="1568621438"/>
        <Attr Name="UsedIn" Val="synthesis"/>
        <Attr Name="UsedIn" Val="implementation"/>
        <Attr Name="UsedIn" Val="simulation"/>
      </FileInfo>
    </File>
    <Config>
      <Option Name="DesignMode" Val="RTL"/>
      <Option Name="TopModule" Val="test_top"/>
      <Option Name="TopAutoSet" Val="TRUE"/>
    </Config>
  </FileSet>
  <FileSet Name="constrs_in" Type="Constrs" RelSrcDir="$PSRCDIR/constrs_1">
    <Filter Type="Constrs"/>
    <File Path="$PSRCDIR/constrs_1/new/constraints.xdc">
      <FileInfo>
        <Attr Name="ImportPath" Val="D:/Vivado_Projects/cpu/cpu.srcs/constrs_1/new/constraints.xdc"/>
        <Attr Name="ImportTime" Val="1565728993"/>
        <Attr Name="UsedIn" Val="synthesis"/>
        <Attr Name="UsedIn" Val="implementation"/>
      </FileInfo>
    </File>
    <Config>
      <Option Name="TargetConstrsFile" Val="$PSRCDIR/constrs_1/new/constraints.xdc"/>
      <Option Name="ConstrsType" Val="XDC"/>
    </Config>
  </FileSet>
  <FileSet Name="utils" Type="Utils" RelSrcDir="$PSRCDIR/utils_1">
    <Filter Type="Utils"/>
    <Config>
      <Option Name="TopAutoSet" Val="TRUE"/>
    </Config>
  </FileSet>
  <Strategy Version="1" Minor="2">
    <StratHandle Name="Vivado Implementation Defaults" Flow="Vivado Implementation 2019"/>
    <Step Id="init_design"/>
    <Step Id="opt_design"/>
    <Step Id="power_opt_design"/>
    <Step Id="place_design"/>
    <Step Id="post_place_power_opt_design"/>
    <Step Id="phys_opt_design"/>
    <Step Id="route_design"/>
    <Step Id="post_route_phys_opt_design"/>
    <Step Id="write_bitstream"/>
  </Strategy>
</GenRun>
